Date,High,Low,Open,Close,Volume,Adj Close,Company stock name,Next_day_closing_price,Actual,Predictions
2021-01-05,312.1400146484375,308.2900085449219,308.2900085449219,311.8599853515625,29323400.0,310.36480712890625,QQQ,307.5400085449219,307.5400085449219,313.85285894915216
2021-01-06,311.8800048828125,305.9800109863281,307.0,307.5400085449219,52809600.0,306.0655212402344,QQQ,314.9800109863281,314.9800109863281,319.9290054940308
2021-01-07,315.8399963378906,310.25,310.2799987792969,314.9800109863281,30394800.0,313.4698486328125,QQQ,319.0299987792969,319.0299987792969,312.8673715980519
2021-01-08,319.3900146484375,315.0799865722656,317.3399963378906,319.0299987792969,33955800.0,317.5003967285156,QQQ,314.4200134277344,314.4200134277344,315.33630670969455
2021-01-11,317.19000244140625,313.75,315.9800109863281,314.4200134277344,32746400.0,312.9125061035156,QQQ,313.9200134277344,313.9200134277344,319.25676813015275
2021-01-12,315.5799865722656,311.20001220703125,314.4599914550781,313.9200134277344,29266800.0,312.4149169921875,QQQ,316.0400085449219,316.0400085449219,314.662501407694
2021-01-13,316.8599853515625,313.57000732421875,314.19000244140625,316.0400085449219,22898400.0,314.52471923828125,QQQ,314.3500061035156,314.3500061035156,311.90069354455886
2021-01-14,317.5299987792969,313.8599853515625,316.5,314.3500061035156,23500100.0,312.8428649902344,QQQ,311.8599853515625,311.8599853515625,317.2197184468536
2021-01-15,315.1199951171875,310.5799865722656,314.1300048828125,311.8599853515625,35118700.0,310.36480712890625,QQQ,316.4100036621094,316.4100036621094,319.22983857767804
2021-01-19,316.92999267578125,313.1199951171875,314.25,316.4100036621094,24537000.0,314.8929748535156,QQQ,323.7699890136719,323.7699890136719,329.0829570252892
2021-01-20,324.739990234375,316.510009765625,320.1400146484375,323.7699890136719,30728100.0,322.2176513671875,QQQ,326.3599853515625,326.3599853515625,320.94382378810167
2021-01-21,327.1300048828125,323.7300109863281,325.1499938964844,326.3599853515625,25130600.0,324.7952575683594,QQQ,325.4200134277344,325.4200134277344,336.08072752681426
2021-01-22,326.4599914550781,324.7099914550781,325.2900085449219,325.4200134277344,21609400.0,323.8598022460937,QQQ,328.1099853515625,328.1099853515625,332.84778285699866
2021-01-25,330.32000732421875,321.4100036621094,328.9100036621094,328.1099853515625,39080600.0,326.5368957519531,QQQ,328.5899963378906,328.5899963378906,314.8452558582578
2021-01-26,329.760009765625,327.2200012207031,328.8500061035156,328.5899963378906,25498100.0,327.0145874023437,QQQ,319.42999267578125,319.42999267578125,320.84064449136946
2021-01-27,326.2699890136719,317.3599853515625,326.260009765625,319.42999267578125,55264000.0,317.89849853515625,QQQ,321.32000732421875,321.32000732421875,316.7155180060139
2021-01-28,326.4200134277344,320.0299987792969,320.6700134277344,321.32000732421875,42836300.0,319.77947998046875,QQQ,314.5599975585937,314.5599975585937,320.7274929378737
2021-01-29,320.7200012207031,312.760009765625,319.5799865722656,314.5599975585937,55259000.0,313.05181884765625,QQQ,322.4200134277344,322.4200134277344,325.1164137924823
2021-02-01,323.5400085449219,316.0199890136719,318.1099853515625,322.4200134277344,35646000.0,320.8741760253906,QQQ,327.67999267578125,327.67999267578125,331.17450711862233
2021-02-02,328.8699951171875,325.3099975585937,325.4800109863281,327.67999267578125,33930800.0,326.10894775390625,QQQ,326.3800048828125,326.3800048828125,337.9549695634687
2021-02-03,330.20001220703125,326.32000732421875,329.82000732421875,326.3800048828125,24824500.0,324.815185546875,QQQ,330.239990234375,330.239990234375,334.0436083444192
2021-02-04,330.3299865722656,326.4599914550781,327.82000732421875,330.239990234375,22350900.0,328.6566772460937,QQQ,331.3599853515625,331.3599853515625,332.6519932391749
2021-02-05,332.3999938964844,329.5299987792969,331.2200012207031,331.3599853515625,22732000.0,329.7712707519531,QQQ,333.5799865722656,333.5799865722656,336.299982654255
2021-02-08,333.739990234375,331.4100036621094,333.1000061035156,333.5799865722656,20462800.0,331.98065185546875,QQQ,333.510009765625,333.510009765625,333.26963339646693
2021-02-09,334.8099975585937,332.6099853515625,332.6199951171875,333.510009765625,17597500.0,331.9110107421875,QQQ,332.75,332.75,325.285039686394
2021-02-10,335.4599914550781,329.5,334.989990234375,332.75,28068700.0,331.1546325683594,QQQ,334.5799865722656,334.5799865722656,338.4740886106985
2021-02-11,335.0,332.1199951171875,334.3299865722656,334.5799865722656,22046100.0,332.975830078125,QQQ,336.45001220703125,336.45001220703125,328.5132054268204
2021-02-12,336.6199951171875,332.6300048828125,333.7099914550781,336.45001220703125,20346800.0,334.8369140625,QQQ,335.5400085449219,335.5400085449219,342.3077378058702
2021-02-16,338.19000244140625,334.3399963378906,337.2699890136719,335.5400085449219,27080800.0,333.9312744140625,QQQ,333.92999267578125,333.92999267578125,337.9272297060331
2021-02-17,335.6600036621094,330.1700134277344,332.4700012207031,333.92999267578125,31360300.0,332.3289794921875,QQQ,332.4700012207031,332.4700012207031,329.73923707215056
2021-02-18,333.8699951171875,328.3599853515625,330.2300109863281,332.4700012207031,32236200.0,330.8759765625,QQQ,331.0199890136719,331.0199890136719,326.2855369047206
2021-02-19,333.989990234375,329.9700012207031,333.8599853515625,331.0199890136719,39157700.0,329.4329528808594,QQQ,322.44000244140625,322.44000244140625,322.60208028114533
2021-02-22,327.79998779296875,322.2300109863281,326.5,322.44000244140625,47256900.0,320.8940734863281,QQQ,321.4800109863281,321.4800109863281,326.3337283028405
2021-02-23,323.20001220703125,311.0,317.0,321.4800109863281,97241900.0,319.93865966796875,QQQ,324.1300048828125,324.1300048828125,312.7951843510846
2021-02-24,324.45001220703125,315.9599914550781,318.739990234375,324.1300048828125,58206300.0,322.5759582519531,QQQ,312.8299865722656,312.8299865722656,313.4550277417228
2021-02-25,324.0299987792969,311.239990234375,321.3900146484375,312.8299865722656,110182600.0,311.33013916015625,QQQ,314.1400146484375,314.1400146484375,325.4016561035988
2021-02-26,319.1099853515625,310.8800048828125,315.8500061035156,314.1400146484375,104739800.0,312.6338806152344,QQQ,323.5899963378906,323.5899963378906,320.2111487786336
2021-03-01,323.94000244140625,317.94000244140625,319.2699890136719,323.5899963378906,49164500.0,322.0385437011719,QQQ,318.3999938964844,318.3999938964844,308.3542006248218
2021-03-02,324.3299865722656,318.1400146484375,324.25,318.3999938964844,48370000.0,316.8734130859375,QQQ,309.1600036621094,309.1600036621094,302.67066786476244
2021-03-03,318.239990234375,309.1000061035156,317.2699890136719,309.1600036621094,86301100.0,307.677734375,QQQ,304.1000061035156,304.1000061035156,307.36067963906294
2021-03-04,312.0400085449219,300.1099853515625,308.7799987792969,304.1000061035156,139131600.0,302.6419982910156,QQQ,308.67999267578125,308.67999267578125,298.6612889691376
2021-03-05,309.6099853515625,297.45001220703125,306.79998779296875,308.67999267578125,121523700.0,307.20001220703125,QQQ,299.94000244140625,299.94000244140625,303.7188777958317
2021-03-08,310.0599975585937,299.510009765625,308.1199951171875,299.94000244140625,88409800.0,298.5019226074219,QQQ,311.7699890136719,311.7699890136719,309.98496628360164
2021-03-09,313.7300109863281,306.9200134277344,307.4700012207031,311.7699890136719,80391100.0,310.2751770019531,QQQ,310.8800048828125,310.8800048828125,320.6932413547095
2021-03-10,316.4700012207031,310.1700134277344,316.1600036621094,310.8800048828125,76798100.0,309.3894958496094,QQQ,318.0400085449219,318.0400085449219,304.4922315202319
2021-03-11,319.8599853515625,314.8500061035156,315.7699890136719,318.0400085449219,53484800.0,316.5151672363281,QQQ,315.4599914550781,315.4599914550781,320.1966964957959
2021-03-12,318.2300109863281,311.3900146484375,313.8599853515625,315.4599914550781,69315600.0,313.9475402832031,QQQ,318.8299865722656,318.8299865722656,330.2562333239207
2021-03-15,319.0,314.1000061035156,315.7900085449219,318.8299865722656,42955700.0,317.30133056640625,QQQ,320.5799865722656,320.5799865722656,316.76831507229105
2021-03-16,324.20001220703125,319.1000061035156,321.0899963378906,320.5799865722656,54925900.0,319.04296875,QQQ,321.8999938964844,321.8999938964844,303.0144570688825
2021-03-17,323.8500061035156,315.67999267578125,317.45001220703125,321.8999938964844,78258700.0,320.35662841796875,QQQ,312.0400085449219,312.0400085449219,308.04522108758874
2021-03-18,317.8800048828125,311.57000732421875,316.8699951171875,312.0400085449219,82718100.0,310.5439147949219,QQQ,313.1400146484375,313.1400146484375,323.44038401516787
2021-03-19,314.7300109863281,309.6600036621094,311.8699951171875,313.1400146484375,78446200.0,311.638671875,QQQ,318.6099853515625,318.6099853515625,308.268588803182
2021-03-22,320.739990234375,315.2099914550781,315.2099914550781,318.6099853515625,56194800.0,317.4828796386719,QQQ,317.2200012207031,317.2200012207031,324.2024555885924
2021-03-23,321.0899963378906,316.3800048828125,319.7300109863281,317.2200012207031,53455400.0,316.09783935546875,QQQ,311.8699951171875,311.8699951171875,310.4718466707806
2021-03-24,318.6700134277344,311.7200012207031,318.6300048828125,311.8699951171875,64803700.0,310.7667541503906,QQQ,311.3299865722656,311.3299865722656,323.3097677182496
2021-03-25,312.8900146484375,307.3900146484375,309.9700012207031,311.3299865722656,78729000.0,310.2286376953125,QQQ,316.0,316.0,313.3781402078632
2021-03-26,316.3299865722656,309.6700134277344,311.1099853515625,316.0,63519600.0,314.8821105957031,QQQ,315.9100036621094,315.9100036621094,317.7091349096556
2021-03-29,316.989990234375,312.4700012207031,315.45001220703125,315.9100036621094,54608000.0,314.7924499511719,QQQ,314.32000732421875,314.32000732421875,320.913268525388
2021-03-30,314.9100036621094,311.5400085449219,313.8900146484375,314.32000732421875,44635700.0,313.2080993652344,QQQ,319.1300048828125,319.1300048828125,325.93855579413815
2021-03-31,320.739990234375,315.8099975585937,316.1600036621094,319.1300048828125,55032500.0,318.0010681152344,QQQ,324.57000732421875,324.57000732421875,320.94136677968186
2021-04-01,324.7099914550781,322.8099975585937,323.07000732421875,324.57000732421875,55685600.0,323.4218139648437,QQQ,331.04998779296875,331.04998779296875,332.0189278839006
2021-04-05,331.8399963378906,326.8800048828125,327.1300048828125,331.04998779296875,42172500.0,329.8788757324219,QQQ,330.82000732421875,330.82000732421875,337.4460172363342
2021-04-06,332.8299865722656,330.0199890136719,330.7300109863281,330.82000732421875,33537200.0,329.64971923828125,QQQ,331.6199951171875,331.6199951171875,333.65102141675544
2021-04-07,332.4800109863281,329.3699951171875,330.3299865722656,331.6199951171875,32046400.0,330.4468688964844,QQQ,335.0799865722656,335.0799865722656,331.45719455190107
2021-04-08,335.2699890136719,333.739990234375,334.5599975585937,335.0799865722656,29940800.0,333.8946228027344,QQQ,337.1099853515625,337.1099853515625,336.12017830785345
2021-04-09,337.32000732421875,332.9200134277344,333.67999267578125,337.1099853515625,36664900.0,335.9174499511719,QQQ,336.6700134277344,336.6700134277344,345.74313898200353
2021-04-12,337.1000061035156,334.7300109863281,336.0400085449219,336.6700134277344,25833000.0,335.4790344238281,QQQ,340.6000061035156,340.6000061035156,336.44731954333866
2021-04-13,341.0799865722656,338.0199890136719,338.239990234375,340.6000061035156,30374000.0,339.3951416015625,QQQ,336.510009765625,336.510009765625,339.9241291512065
2021-04-14,340.9800109863281,335.6700134277344,340.8500061035156,336.510009765625,42564300.0,335.3196105957031,QQQ,341.6099853515625,341.6099853515625,347.2779685126421
2021-04-15,342.010009765625,336.2200012207031,339.4700012207031,341.6099853515625,36342800.0,340.4015197753906,QQQ,342.010009765625,342.010009765625,344.69063225991744
2021-04-16,342.2300109863281,340.0799865722656,342.1499938964844,342.010009765625,40860100.0,340.8001403808594,QQQ,338.8800048828125,338.8800048828125,343.16017617687686
2021-04-19,341.5799865722656,336.8999938964844,340.3900146484375,338.8800048828125,34533100.0,337.68121337890625,QQQ,336.4100036621094,336.4100036621094,339.0877112047722
2021-04-20,339.5199890136719,334.3800048828125,338.20001220703125,336.4100036621094,38081800.0,335.2199401855469,QQQ,339.2900085449219,339.2900085449219,336.0437042911085
2021-04-21,339.4800109863281,333.9700012207031,335.0899963378906,339.2900085449219,36598100.0,338.0897521972656,QQQ,335.20001220703125,335.20001220703125,342.99517962132205
2021-04-22,339.8999938964844,334.010009765625,338.8900146484375,335.20001220703125,45936100.0,334.0142517089844,QQQ,339.4200134277344,339.4200134277344,343.7335505070501
2021-04-23,340.7699890136719,335.8500061035156,335.8500061035156,339.4200134277344,36381900.0,338.21929931640625,QQQ,341.6300048828125,341.6300048828125,339.7395260601201
2021-04-26,341.9200134277344,338.8999938964844,339.6700134277344,341.6300048828125,30812000.0,340.4214782714844,QQQ,340.1499938964844,340.1499938964844,342.9909829395823
2021-04-27,342.1499938964844,339.1700134277344,341.92999267578125,340.1499938964844,33187200.0,338.9467163085937,QQQ,339.0,339.0,336.1676878478016
2021-04-28,340.8500061035156,338.3299865722656,339.8099975585937,339.0,33615700.0,337.8007507324219,QQQ,340.2200012207031,340.2200012207031,343.14620297736457
2021-04-29,342.79998779296875,336.8999938964844,342.3699951171875,340.2200012207031,37708900.0,339.0164489746094,QQQ,337.989990234375,337.989990234375,336.61684410765156
2021-04-30,340.260009765625,337.04998779296875,337.70001220703125,337.989990234375,38263400.0,336.7943420410156,QQQ,336.19000244140625,336.19000244140625,327.15087294163476
2021-05-03,340.0,335.7300109863281,339.2300109863281,336.19000244140625,29729700.0,335.0007019042969,QQQ,330.1400146484375,330.1400146484375,326.6639846885961
2021-05-04,333.8900146484375,326.2099914550781,333.5599975585937,330.1400146484375,65147000.0,328.9721374511719,QQQ,329.0299987792969,329.0299987792969,334.38100957774327
2021-05-05,333.1400146484375,328.2300109863281,332.25,329.0299987792969,46219300.0,327.8660583496094,QQQ,331.510009765625,331.510009765625,330.203905829124
2021-05-06,331.6700134277344,326.45001220703125,328.760009765625,331.510009765625,46814300.0,330.3373107910156,QQQ,334.20001220703125,334.20001220703125,329.8936677167768
2021-05-07,336.6499938964844,331.69000244140625,334.3699951171875,334.20001220703125,53324500.0,333.0177307128906,QQQ,325.760009765625,325.760009765625,327.46037947531136
2021-05-10,332.9599914550781,325.54998779296875,332.7799987792969,325.760009765625,60700500.0,324.60760498046875,QQQ,325.3099975585937,325.3099975585937,315.5482706830749
2021-05-11,326.1300048828125,319.0199890136719,319.70001220703125,325.3099975585937,71963600.0,324.1591796875,QQQ,316.8900146484375,316.8900146484375,318.2917258891379
2021-05-12,322.6199951171875,316.0,320.2300109863281,316.8900146484375,91164900.0,315.7690124511719,QQQ,319.3399963378906,319.3399963378906,327.596919898338
2021-05-13,322.3999938964844,316.8999938964844,319.9200134277344,319.3399963378906,69877800.0,318.2103271484375,QQQ,326.3900146484375,326.3900146484375,322.3153761509392
2021-05-14,327.3299865722656,322.0799865722656,322.6000061035156,326.3900146484375,44370000.0,325.2353820800781,QQQ,324.4100036621094,324.4100036621094,320.53557722106507
2021-05-17,326.3699951171875,321.45001220703125,324.6300048828125,324.4100036621094,39395000.0,323.26239013671875,QQQ,322.2200012207031,322.2200012207031,316.8159592178861
2021-05-18,326.6499938964844,321.94000244140625,325.3900146484375,322.2200012207031,36528500.0,321.0801086425781,QQQ,322.5899963378906,322.5899963378906,327.75666647449697
2021-05-19,322.8999938964844,316.29998779296875,316.6600036621094,322.5899963378906,66319100.0,321.4488220214844,QQQ,328.8299865722656,328.8299865722656,329.50725899822197
2021-05-20,329.7099914550781,323.8900146484375,324.1199951171875,328.8299865722656,46466100.0,327.6667175292969,QQQ,327.010009765625,327.010009765625,335.241165093924
2021-05-21,330.8599853515625,326.6400146484375,330.42999267578125,327.010009765625,50330400.0,325.8531799316406,QQQ,332.510009765625,332.510009765625,324.59304133487416
2021-05-24,333.6700134277344,326.8999938964844,329.3699951171875,332.510009765625,32475800.0,331.3337707519531,QQQ,332.9700012207031,332.9700012207031,333.7013169160504
2021-05-25,334.8099975585937,331.760009765625,334.07000732421875,332.9700012207031,31280300.0,331.7921142578125,QQQ,334.1300048828125,334.1300048828125,324.29603801214284
2021-05-26,334.6099853515625,332.95001220703125,333.6600036621094,334.1300048828125,25444900.0,332.947998046875,QQQ,332.8800048828125,332.8800048828125,336.5448629984393
2021-05-27,334.5400085449219,332.6700134277344,333.6700134277344,332.8800048828125,27931700.0,331.70245361328125,QQQ,333.92999267578125,333.92999267578125,340.2011287234021
2021-05-28,335.57000732421875,333.6000061035156,334.1199951171875,333.92999267578125,29927400.0,332.74871826171875,QQQ,332.82000732421875,332.82000732421875,331.47970803129886
2021-06-01,335.7900085449219,331.42999267578125,335.29998779296875,332.82000732421875,31145400.0,331.64263916015625,QQQ,333.4700012207031,333.4700012207031,327.80455687277663
2021-06-02,334.3399963378906,331.70001220703125,333.25,333.4700012207031,22047900.0,332.29034423828125,QQQ,330.0,330.0,336.0184851671388
2021-06-03,331.8599853515625,328.2799987792969,330.54998779296875,330.0,37057800.0,328.8326110839844,QQQ,335.6000061035156,335.6000061035156,343.1448099834846
2021-06-04,336.0599975585937,331.7799987792969,331.8500061035156,335.6000061035156,38736500.0,334.4128112792969,QQQ,336.6000061035156,336.6000061035156,334.92914537767444
2021-06-07,336.6600036621094,334.3399963378906,335.04998779296875,336.6000061035156,32611900.0,335.40924072265625,QQQ,336.760009765625,336.760009765625,342.5390851570343
2021-06-08,339.2900085449219,335.0299987792969,338.3999938964844,336.760009765625,27282800.0,335.5686950683594,QQQ,336.8399963378906,336.8399963378906,340.854424872897
2021-06-09,338.9700012207031,336.6499938964844,338.1700134277344,336.8399963378906,21485300.0,335.6484069824219,QQQ,340.3500061035156,340.3500061035156,342.4625449192216
2021-06-10,340.4599914550781,336.7300109863281,337.19000244140625,340.3500061035156,33702100.0,339.14599609375,QQQ,341.239990234375,341.239990234375,343.25500582635294
2021-06-11,341.25,339.69000244140625,340.3599853515625,341.239990234375,21222800.0,340.0328369140625,QQQ,344.510009765625,344.510009765625,343.3734141747176
2021-06-14,344.5199890136719,340.4599914550781,341.67999267578125,344.510009765625,27827700.0,343.2912902832031,QQQ,342.260009765625,342.260009765625,339.90997887688076
2021-06-15,344.4700012207031,341.5199890136719,344.1499938964844,342.260009765625,35963800.0,341.0492248535156,QQQ,341.010009765625,341.010009765625,346.04853490205267
2021-06-16,343.8399963378906,337.45001220703125,342.739990234375,341.010009765625,55399500.0,339.8036499023437,QQQ,345.3399963378906,345.3399963378906,339.09809556574567
2021-06-17,346.3800048828125,339.9200134277344,339.9700012207031,345.3399963378906,59722700.0,344.11834716796875,QQQ,342.6300048828125,342.6300048828125,350.238192793086
2021-06-18,344.8099975585937,341.8599853515625,343.6300048828125,342.6300048828125,55414900.0,341.4179382324219,QQQ,344.3599853515625,344.3599853515625,348.640023369848
2021-06-21,344.69000244140625,340.1499938964844,342.42999267578125,344.3599853515625,32992600.0,343.5398254394531,QQQ,347.57000732421875,347.57000732421875,347.9395688875102
2021-06-22,348.0299987792969,343.8399963378906,344.1499938964844,347.57000732421875,28941600.0,346.7422180175781,QQQ,347.739990234375,347.739990234375,350.0076031510838
2021-06-23,348.9200134277344,346.8800048828125,347.510009765625,347.739990234375,27188500.0,346.91180419921875,QQQ,349.8900146484375,349.8900146484375,353.1362982644702
2021-06-24,351.4599914550781,349.1700134277344,349.7300109863281,349.8900146484375,32581600.0,349.05670166015625,QQQ,349.4599914550781,349.4599914550781,354.6698533754881
2021-06-25,350.7200012207031,348.8399963378906,350.4700012207031,349.4599914550781,28682800.0,348.627685546875,QQQ,353.7099914550781,353.7099914550781,358.4270854779434
2021-06-28,353.8500061035156,350.7200012207031,350.7799987792969,353.7099914550781,39130300.0,352.8675842285156,QQQ,354.989990234375,354.989990234375,352.14990474730536
2021-06-29,355.0199890136719,352.6700134277344,353.5299987792969,354.989990234375,29426000.0,354.14453125,QQQ,354.42999267578125,354.42999267578125,353.30986801381823
2021-06-30,355.2300109863281,353.8299865722656,354.8299865722656,354.42999267578125,32724000.0,353.5858764648437,QQQ,354.57000732421875,354.57000732421875,363.229639388747
2021-07-01,355.0899963378906,352.67999267578125,354.07000732421875,354.57000732421875,29290000.0,353.7255554199219,QQQ,358.6400146484375,358.6400146484375,357.39868982207093
2021-07-02,358.9700012207031,356.2799987792969,356.5199890136719,358.6400146484375,32727200.0,357.7858581542969,QQQ,360.19000244140625,360.19000244140625,362.80823707248135
2021-07-06,360.4800109863281,356.489990234375,359.260009765625,360.19000244140625,38842400.0,359.3321533203125,QQQ,360.9500122070313,360.9500122070313,362.1500163879496
2021-07-07,362.760009765625,358.94000244140625,362.4500122070313,360.9500122070313,35265200.0,360.09033203125,QQQ,358.7699890136719,358.7699890136719,361.22215384914983
2021-07-08,359.6499938964844,354.4200134277344,355.739990234375,358.7699890136719,50890000.0,357.91552734375,QQQ,361.010009765625,361.010009765625,364.696732746758
2021-07-09,361.5,357.57000732421875,358.1700134277344,361.010009765625,35184500.0,360.15020751953125,QQQ,362.4200134277344,362.4200134277344,362.0102564047541
2021-07-12,362.8900146484375,360.8299865722656,362.4500122070313,362.4200134277344,25717700.0,361.5568542480469,QQQ,362.4200134277344,362.4200134277344,367.5217360185385
2021-07-13,365.4700012207031,361.5400085449219,362.0299987792969,362.4200134277344,39723000.0,361.5568542480469,QQQ,363.0700073242188,363.0700073242188,361.860293525641
2021-07-14,365.489990234375,362.2200012207031,364.8299865722656,363.0700073242188,35336400.0,362.205322265625,QQQ,360.5199890136719,360.5199890136719,357.07107046047685
2021-07-15,363.1900024414063,358.4599914550781,362.9800109863281,360.5199890136719,53391600.0,359.6613464355469,QQQ,357.6000061035156,357.6000061035156,354.8450828083038
2021-07-16,362.4100036621094,357.239990234375,361.3999938964844,357.6000061035156,47262000.0,356.7483215332031,QQQ,354.6700134277344,354.6700134277344,362.9442139051389
2021-07-19,355.17999267578125,352.0400085449219,354.04998779296875,354.6700134277344,64404600.0,353.8253173828125,QQQ,358.7900085449219,358.7900085449219,363.15837861755875
2021-07-20,360.2799987792969,353.79998779296875,355.6300048828125,358.7900085449219,42183700.0,357.9355163574219,QQQ,361.55999755859375,361.55999755859375,364.7538918316269
2021-07-21,361.55999755859375,358.1199951171875,358.3500061035156,361.55999755859375,30259900.0,360.6988830566406,QQQ,363.9500122070313,363.9500122070313,366.01227235165044
2021-07-22,363.9599914550781,361.7699890136719,361.7699890136719,363.9500122070313,30252200.0,363.0832214355469,QQQ,368.2000122070313,368.2000122070313,370.82722788206394
2021-07-23,368.489990234375,363.9200134277344,365.30999755859375,368.2000122070313,31960800.0,367.3230895996094,QQQ,368.489990234375,368.489990234375,365.8894018483582
2021-07-26,368.8900146484375,366.6000061035156,367.489990234375,368.489990234375,28438100.0,367.6123962402344,QQQ,364.4299926757813,364.4299926757813,365.86603228802085
2021-07-27,368.2200012207031,360.1600036621094,368.2200012207031,364.4299926757813,57933100.0,363.5620422363281,QQQ,365.8299865722656,365.8299865722656,367.17346094251485
2021-07-28,367.4500122070313,363.239990234375,365.6000061035156,365.8299865722656,42066200.0,364.9587097167969,QQQ,366.4800109863281,366.4800109863281,362.04512305329723
2021-07-29,367.6799926757813,365.25,365.25,366.4800109863281,25672500.0,365.6072082519531,QQQ,364.5700073242188,364.5700073242188,361.6826112048571
2021-07-30,365.1700134277344,362.4100036621094,362.4400024414063,364.5700073242188,36463500.0,363.7017211914063,QQQ,364.6000061035156,364.6000061035156,363.8403890405187
2021-08-02,366.8800048828125,363.8699951171875,366.2799987792969,364.6000061035156,27334100.0,363.7316589355469,QQQ,366.80999755859375,366.80999755859375,371.64378068376124
2021-08-03,366.9299926757813,362.0,365.2799987792969,366.80999755859375,35558500.0,365.9364013671875,QQQ,367.3399963378906,367.3399963378906,372.56070531153614
2021-08-04,368.3200073242188,365.6300048828125,366.7699890136719,367.3399963378906,29602200.0,366.4651489257813,QQQ,369.6700134277344,369.6700134277344,370.51941834302
2021-08-05,369.9100036621094,367.4500122070313,368.1799926757813,369.6700134277344,21443900.0,368.7895812988281,QQQ,368.0499877929688,368.0499877929688,373.07258479409774
2021-08-06,369.3699951171875,366.9100036621094,368.3699951171875,368.0499877929688,33313700.0,367.1734313964844,QQQ,368.7300109863281,368.7300109863281,367.1650769766991
2021-08-09,369.2699890136719,367.3900146484375,368.5199890136719,368.7300109863281,25960200.0,367.8518371582031,QQQ,366.8399963378906,366.8399963378906,362.2108003637663
2021-08-10,369.55999755859375,365.6199951171875,369.260009765625,366.8399963378906,35130800.0,365.96630859375,QQQ,366.2099914550781,366.2099914550781,368.9782484948256
2021-08-11,368.6499938964844,364.8399963378906,368.1400146484375,366.2099914550781,34249800.0,365.33782958984375,QQQ,367.5299987792969,367.5299987792969,369.51174944950185
2021-08-12,367.8999938964844,364.2999877929688,365.6900024414063,367.5299987792969,25969200.0,366.6546936035156,QQQ,368.8200073242188,368.8200073242188,367.0931390819605
2021-08-13,369.1600036621094,367.3800048828125,367.8900146484375,368.8200073242188,19318800.0,367.9416198730469,QQQ,368.9800109863281,368.9800109863281,365.7961440472122
2021-08-16,369.0199890136719,363.7000122070313,367.6700134277344,368.9800109863281,34856900.0,368.1012268066406,QQQ,365.7300109863281,365.7300109863281,364.4414014015403
2021-08-17,367.1499938964844,363.2300109863281,366.1499938964844,365.7300109863281,44793900.0,364.8589782714844,QQQ,362.2099914550781,362.2099914550781,364.52178557768315
2021-08-18,366.6199951171875,361.8699951171875,365.1799926757813,362.2099914550781,38541900.0,361.3473510742188,QQQ,363.9599914550781,363.9599914550781,370.09897569825137
2021-08-19,365.6799926757813,359.9599914550781,360.2200012207031,363.9599914550781,48499400.0,363.0931701660156,QQQ,367.7300109863281,367.7300109863281,371.63100893957426
2021-08-20,368.1400146484375,364.739990234375,365.05999755859375,367.7300109863281,39462300.0,366.8541870117188,QQQ,373.2300109863281,373.2300109863281,375.09864513601224
2021-08-23,373.9400024414063,368.7900085449219,368.7999877929688,373.2300109863281,34034700.0,372.3411254882813,QQQ,374.3699951171875,374.3699951171875,372.91561137807395
2021-08-24,374.989990234375,373.3599853515625,373.8399963378906,374.3699951171875,21732900.0,373.4783630371094,QQQ,374.7999877929688,374.7999877929688,371.8170575371968
2021-08-25,375.3900146484375,373.8599853515625,374.6300048828125,374.7999877929688,20441900.0,373.9073486328125,QQQ,372.4200134277344,372.4200134277344,377.43263353337124
2021-08-26,374.6199951171875,371.9700012207031,373.9200134277344,372.4200134277344,29133300.0,371.5330505371094,QQQ,376.0400085449219,376.0400085449219,381.63229892968735
2021-08-27,376.55999755859375,372.5700073242188,373.0700073242188,376.0400085449219,27088600.0,375.1444091796875,QQQ,380.260009765625,380.260009765625,380.15229757505455
2021-08-30,380.760009765625,376.8299865722656,376.8500061035156,380.260009765625,27295700.0,379.3543701171875,QQQ,379.9500122070313,379.9500122070313,377.26499323297327
2021-08-31,380.5799865722656,378.3599853515625,380.510009765625,379.9500122070313,29628200.0,379.0451049804688,QQQ,380.5799865722656,380.5799865722656,376.7759128700047
2021-09-01,382.7099914550781,380.3699951171875,381.0400085449219,380.5799865722656,28138300.0,379.673583984375,QQQ,380.3999938964844,380.3999938964844,383.4513225486948
2021-09-02,382.30999755859375,379.1499938964844,381.9700012207031,380.3999938964844,25453400.0,379.4940185546875,QQQ,381.5700073242188,381.5700073242188,386.10604839551326
2021-09-03,381.9800109863281,379.2000122070313,379.2200012207031,381.5700073242188,24605400.0,380.6612243652344,QQQ,382.1099853515625,382.1099853515625,386.5132739907889
2021-09-07,382.7799987792969,380.489990234375,381.6799926757813,382.1099853515625,23970200.0,381.199951171875,QQQ,380.7799987792969,380.7799987792969,380.66654850363943
2021-09-08,381.9299926757813,378.4500122070313,381.9299926757813,380.7799987792969,32949200.0,379.87310791015625,QQQ,379.4700012207031,379.4700012207031,377.0596873883165
2021-09-09,382.1499938964844,379.2200012207031,381.010009765625,379.4700012207031,29399000.0,378.5662231445313,QQQ,376.5899963378906,376.5899963378906,373.977141572885
2021-09-10,381.9700012207031,376.25,381.2300109863281,376.5899963378906,40210700.0,375.6930847167969,QQQ,376.3299865722656,376.3299865722656,378.94494447217414
2021-09-13,379.4299926757813,374.2200012207031,378.989990234375,376.3299865722656,48741800.0,375.4336853027344,QQQ,375.260009765625,375.260009765625,382.33020752615033
2021-09-14,378.6099853515625,374.2799987792969,377.8599853515625,375.260009765625,41826600.0,374.36627197265625,QQQ,378.0499877929688,378.0499877929688,378.03882906597704
2021-09-15,378.4100036621094,373.3699951171875,375.7300109863281,378.0499877929688,34097900.0,377.1495971679688,QQQ,378.30999755859375,378.30999755859375,374.48670869602137
2021-09-16,378.8999938964844,374.7000122070313,376.6799926757813,378.30999755859375,35193100.0,377.4089965820313,QQQ,373.8299865722656,373.8299865722656,365.5630727800346
2021-09-17,377.8699951171875,372.760009765625,377.8200073242188,373.8299865722656,60912300.0,372.9396667480469,QQQ,365.7000122070313,365.7000122070313,367.31237711383136
2021-09-20,369.25,360.9299926757813,367.4599914550781,365.7000122070313,76203200.0,365.2335205078125,QQQ,366.1499938964844,366.1499938964844,370.1294693322296
2021-09-21,368.80999755859375,364.989990234375,367.5799865722656,366.1499938964844,41927500.0,365.6829223632813,QQQ,369.5700073242188,369.5700073242188,371.71842485363925
2021-09-22,371.0700073242188,365.9599914550781,367.0899963378906,369.5700073242188,46972900.0,369.09857177734375,QQQ,372.9800109863281,372.9800109863281,372.082277443512
2021-09-23,374.0400085449219,370.1000061035156,370.760009765625,372.9800109863281,44652000.0,372.5042419433594,QQQ,373.3299865722656,373.3299865722656,367.57544292281995
2021-09-24,373.760009765625,370.2699890136719,370.6499938964844,373.3299865722656,36056800.0,372.853759765625,QQQ,370.3500061035156,370.3500061035156,359.6569633628136
2021-09-27,371.25,367.7300109863281,370.2000122070313,370.3500061035156,43338100.0,369.8775939941406,QQQ,359.8699951171875,359.8699951171875,358.29379797596664
2021-09-28,370.2999877929688,359.3500061035156,365.6700134277344,359.8699951171875,97701600.0,359.41094970703125,QQQ,359.2799987792969,359.2799987792969,360.6568800427085
2021-09-29,363.3699951171875,358.6400146484375,361.1700134277344,359.2799987792969,58076600.0,358.8217163085937,QQQ,357.9599914550781,357.9599914550781,360.4632147538288
2021-09-30,362.6799926757813,357.1000061035156,360.9700012207031,357.9599914550781,61136600.0,357.5033874511719,QQQ,360.17999267578125,360.17999267578125,348.47854215749885
2021-10-01,361.25,354.3800048828125,358.6000061035156,360.17999267578125,56375500.0,359.7205505371094,QQQ,352.6199951171875,352.6199951171875,349.64223372133745
2021-10-04,358.8599853515625,350.32000732421875,358.5199890136719,352.6199951171875,76766000.0,352.1701965332031,QQQ,357.3800048828125,357.3800048828125,360.148068509319
2021-10-05,359.69000244140625,353.4800109863281,353.7099914550781,357.3800048828125,47232900.0,356.92413330078125,QQQ,359.6700134277344,359.6700134277344,366.3964099882531
2021-10-06,359.95001220703125,353.1499938964844,354.0799865722656,359.6700134277344,56806500.0,359.2112121582031,QQQ,362.9700012207031,362.9700012207031,364.5283225705626
2021-10-07,365.6900024414063,362.25,362.7999877929688,362.9700012207031,39411200.0,362.5069885253906,QQQ,361.1600036621094,361.1600036621094,358.7616512366299
2021-10-08,364.3200073242188,360.6099853515625,364.0799865722656,361.1600036621094,41810200.0,360.6993103027344,QQQ,358.3900146484375,358.3900146484375,354.3241737530462
2021-10-11,363.2000122070313,358.29998779296875,359.5799865722656,358.3900146484375,34847200.0,357.932861328125,QQQ,357.1400146484375,357.1400146484375,349.8473367248236
2021-10-12,360.3299865722656,356.4800109863281,359.8800048828125,357.1400146484375,43905100.0,356.6844482421875,QQQ,360.0,360.0,366.0650019335882
2021-10-13,360.6900024414063,357.42999267578125,359.510009765625,360.0,40120800.0,359.540771484375,QQQ,366.6300048828125,366.6300048828125,367.62072251540786
2021-10-14,366.8500061035156,363.010009765625,363.6900024414063,366.6300048828125,43433900.0,366.1623229980469,QQQ,368.9400024414063,368.9400024414063,374.99804519378984
2021-10-15,369.05999755859375,366.8200073242188,367.8800048828125,368.9400024414063,40391000.0,368.4693908691406,QQQ,372.6499938964844,372.6499938964844,367.6252985636673
2021-10-18,372.8699951171875,366.989990234375,367.6099853515625,372.6499938964844,34513500.0,372.1746520996094,QQQ,375.4700012207031,375.4700012207031,380.07930415789997
2021-10-19,375.5199890136719,372.7000122070313,373.75,375.4700012207031,29091000.0,374.9910583496094,QQQ,374.9800109863281,374.9800109863281,379.7248590937817
2021-10-20,376.5700073242188,373.4599914550781,375.9400024414063,374.9800109863281,31390300.0,374.5016784667969,QQQ,377.2699890136719,377.2699890136719,377.569582840821
2021-10-21,377.4700012207031,373.8500061035156,374.1600036621094,377.2699890136719,25469300.0,376.7887573242188,QQQ,374.1000061035156,374.1000061035156,376.08246422174363
2021-10-22,376.9700012207031,372.3900146484375,375.9800109863281,374.1000061035156,36275800.0,373.622802734375,QQQ,377.9299926757813,377.9299926757813,376.24932704522905
2021-10-25,378.8699951171875,373.55999755859375,375.55999755859375,377.9299926757813,32597800.0,377.4479064941406,QQQ,379.1199951171875,379.1199951171875,378.7119395679084
2021-10-26,382.7099914550781,377.9100036621094,380.2300109863281,379.1199951171875,47191300.0,378.6363830566406,QQQ,380.0,380.0,387.33500459377404
2021-10-27,383.1499938964844,379.30999755859375,379.5799865722656,380.0,45760500.0,379.5152587890625,QQQ,384.2200012207031,384.2200012207031,393.25959405936004
2021-10-28,384.4800109863281,381.1600036621094,381.9500122070313,384.2200012207031,38007000.0,383.7298889160156,QQQ,386.1099853515625,386.1099853515625,389.90945763559324
2021-10-29,386.2799987792969,380.7000122070313,381.05999755859375,386.1099853515625,37225600.0,385.6174621582031,QQQ,387.4299926757813,387.4299926757813,393.00092057733184
2021-11-01,387.55999755859375,384.4200134277344,386.55999755859375,387.4299926757813,30765300.0,386.935791015625,QQQ,389.0499877929688,389.0499877929688,396.1943932961753
2021-11-02,389.5400085449219,386.75,386.7999877929688,389.0499877929688,25135300.0,388.5537109375,QQQ,393.1799926757813,393.1799926757813,397.7395080646079
2021-11-03,393.6099853515625,388.4800109863281,389.5499877929688,393.1799926757813,33748900.0,392.678466796875,QQQ,398.2200012207031,398.2200012207031,401.0737443093342
2021-11-04,399.2000122070313,393.9200134277344,394.4800109863281,398.2200012207031,40265300.0,397.7120361328125,QQQ,398.6000061035156,398.6000061035156,394.75421998105463
2021-11-05,400.989990234375,397.1600036621094,400.0400085449219,398.6000061035156,43341700.0,398.091552734375,QQQ,398.05999755859375,398.05999755859375,399.40657975600124
2021-11-08,399.6199951171875,397.3999938964844,398.5700073242188,398.05999755859375,29256300.0,397.55224609375,QQQ,395.3200073242188,395.3200073242188,390.7749744293833
2021-11-09,399.5700073242188,393.9200134277344,399.1600036621094,395.3200073242188,50490700.0,394.8157348632813,QQQ,389.510009765625,389.510009765625,391.5351998157254
2021-11-10,395.3599853515625,387.5299987792969,392.4700012207031,389.510009765625,54937400.0,389.0131530761719,QQQ,390.5899963378906,390.5899963378906,399.12258318410557
2021-11-11,392.75,390.239990234375,392.5700073242188,390.5899963378906,32243000.0,390.0917663574219,QQQ,394.7000122070313,394.7000122070313,396.5901506809234
2021-11-12,395.25,390.1300048828125,391.7699890136719,394.7000122070313,34669800.0,394.196533203125,QQQ,394.6099853515625,394.6099853515625,398.817990809934
2021-11-15,396.239990234375,392.1000061035156,395.9100036621094,394.6099853515625,33716900.0,394.1066284179688,QQQ,397.4200134277344,397.4200134277344,399.33200494609696
2021-11-16,397.9299926757813,393.6600036621094,393.8599853515625,397.4200134277344,27872900.0,396.9130554199219,QQQ,397.6300048828125,397.6300048828125,406.05482850402234
2021-11-17,399.7200012207031,396.6400146484375,397.75,397.6300048828125,28703300.0,397.122802734375,QQQ,401.75,401.75,409.208871308533
2021-11-18,402.2699890136719,397.4500122070313,399.7300109863281,401.75,45721500.0,401.2375183105469,QQQ,403.989990234375,403.989990234375,399.72040436579533
2021-11-19,405.2999877929688,402.5799865722656,403.4299926757813,403.989990234375,45191700.0,403.47467041015625,QQQ,399.2999877929688,399.2999877929688,396.98064277686234
2021-11-22,408.7099914550781,399.1900024414063,405.5700073242188,399.2999877929688,61715400.0,398.7906494140625,QQQ,397.4800109863281,397.4800109863281,396.05423280375385
2021-11-23,400.2300109863281,392.9200134277344,398.1099853515625,397.4800109863281,70098700.0,396.9729919433594,QQQ,398.760009765625,398.760009765625,385.4885564481267
2021-11-24,399.0499877929688,392.5400085449219,394.9299926757813,398.760009765625,46954400.0,398.2513427734375,QQQ,391.2000122070313,391.2000122070313,400.8377000835866
2021-11-26,397.5400085449219,389.7699890136719,396.1099853515625,391.2000122070313,51533300.0,390.7009887695313,QQQ,399.6900024414063,399.6900024414063,398.0032291085312
2021-11-29,400.7300109863281,395.1400146484375,395.8900146484375,399.6900024414063,54447100.0,399.1801452636719,QQQ,393.8200073242188,393.8200073242188,387.06982039558164
2021-11-30,401.1900024414063,391.75,398.7799987792969,393.8200073242188,81332700.0,393.3176574707031,QQQ,387.1199951171875,387.1199951171875,392.7252549751538
2021-12-01,400.4800109863281,386.6400146484375,398.2799987792969,387.1199951171875,77766500.0,386.6261901855469,QQQ,389.9100036621094,389.9100036621094,383.3702102309276
2021-12-02,391.739990234375,384.3399963378906,385.7999877929688,389.9100036621094,84416600.0,389.4126281738281,QQQ,383.1300048828125,383.1300048828125,390.240023921011
2021-12-03,392.3399963378906,378.8999938964844,391.30999755859375,383.1300048828125,105291200.0,382.6412963867188,QQQ,386.2000122070313,386.2000122070313,400.0875377227692
2021-12-06,387.6000061035156,379.2999877929688,383.6300048828125,386.2000122070313,67588800.0,385.7073669433594,QQQ,397.8299865722656,397.8299865722656,395.00974828485624
2021-12-07,398.4599914550781,392.989990234375,393.0299987792969,397.8299865722656,56005300.0,397.322509765625,QQQ,399.6099853515625,399.6099853515625,391.9740395991328
2021-12-08,399.8200073242188,396.2200012207031,398.1700134277344,399.6099853515625,39204000.0,399.1002502441406,QQQ,393.7300109863281,393.7300109863281,399.3310580363043
2021-12-09,400.2000122070313,393.5299987792969,398.3500061035156,393.7300109863281,49973700.0,393.227783203125,QQQ,398.010009765625,398.010009765625,384.8611670650757
2021-12-10,398.2799987792969,393.3599853515625,396.6199951171875,398.010009765625,52513100.0,397.5023193359375,QQQ,392.260009765625,392.260009765625,396.6639869569799
2021-12-13,398.3299865722656,391.8800048828125,398.0,392.260009765625,50166400.0,391.7596435546875,QQQ,388.2000122070313,388.2000122070313,391.2573122126575
2021-12-14,390.0899963378906,383.6300048828125,387.2999877929688,388.2000122070313,75199200.0,387.704833984375,QQQ,397.0499877929688,397.0499877929688,380.2962016139868
2021-12-15,397.4200134277344,383.8800048828125,387.9400024414063,397.0499877929688,73858000.0,396.5435180664063,QQQ,386.8399963378906,386.8399963378906,387.7222951844521
2021-12-16,398.4800109863281,385.2099914550781,398.0400085449219,386.8399963378906,82591400.0,386.3465576171875,QQQ,384.9100036621094,384.9100036621094,374.10719560117616
2021-12-17,389.1900024414063,381.7699890136719,383.3299865722656,384.9100036621094,80492500.0,384.41900634765625,QQQ,380.6900024414063,380.6900024414063,392.36737416997653
2021-12-20,381.5,377.4700012207031,379.5700073242188,380.6900024414063,65336800.0,380.6900024414063,QQQ,389.2099914550781,389.2099914550781,405.85335434433625
2021-12-21,389.5299987792969,380.2000122070313,384.0499877929688,389.2099914550781,48899500.0,389.2099914550781,QQQ,393.9500122070313,393.9500122070313,398.73523072508317
2021-12-22,394.1600036621094,388.2300109863281,388.9100036621094,393.9500122070313,37042200.0,393.9500122070313,QQQ,396.9200134277344,396.9200134277344,397.5822624194218
2021-12-23,398.4299926757813,394.1400146484375,394.30999755859375,396.9200134277344,29595500.0,396.9200134277344,QQQ,403.4800109863281,403.4800109863281,406.01564384620156
2021-12-27,403.4800109863281,398.2200012207031,398.25,403.4800109863281,32820700.0,403.4800109863281,QQQ,401.6099853515625,401.6099853515625,395.7878398413876
2021-12-28,404.5799865722656,400.7099914550781,404.3999938964844,401.6099853515625,33113700.0,401.6099853515625,QQQ,401.5499877929688,401.5499877929688,396.2453136191332
2021-12-29,403.0499877929688,399.1099853515625,401.75,401.5499877929688,32248500.0,401.5499877929688,QQQ,400.3500061035156,400.3500061035156,406.9600714397495
2021-12-30,403.5700073242188,399.75,401.3299865722656,400.3500061035156,23850100.0,400.3500061035156,QQQ,397.8500061035156,397.8500061035156,391.38950271192874
2021-12-31,401.05999755859375,397.3399963378906,399.6600036621094,397.8500061035156,34752900.0,397.8500061035156,QQQ,401.6799926757813,401.6799926757813,394.5308330757773
2022-01-03,401.9400024414063,396.8800048828125,399.0499877929688,401.6799926757813,40575900.0,401.6799926757813,QQQ,396.4700012207031,396.4700012207031,380.11425417947163
2022-01-04,402.2799987792969,393.2900085449219,402.239990234375,396.4700012207031,58027200.0,396.4700012207031,QQQ,384.2900085449219,384.2900085449219,392.65320679350026
2022-01-05,395.8900146484375,384.0299987792969,394.739990234375,384.2900085449219,75739800.0,384.2900085449219,QQQ,384.0199890136719,384.0199890136719,384.5240317994122
2022-01-06,387.3500061035156,380.1300048828125,382.4200134277344,384.0199890136719,70814300.0,384.0199890136719,QQQ,379.8599853515625,379.8599853515625,383.0133927005797
2022-01-07,385.760009765625,378.0400085449219,384.0299987792969,379.8599853515625,72614000.0,379.8599853515625,QQQ,380.1099853515625,380.1099853515625,392.23519592010143
2022-01-10,380.6400146484375,369.30999755859375,374.8200073242188,380.1099853515625,91770500.0,380.1099853515625,QQQ,385.8200073242188,385.8200073242188,385.59272809697796
2022-01-11,385.989990234375,377.2200012207031,379.3599853515625,385.8200073242188,68295700.0,385.8200073242188,QQQ,387.3500061035156,387.3500061035156,377.64078983746634
2022-01-12,390.2000122070313,385.010009765625,388.4599914550781,387.3500061035156,54576400.0,387.3500061035156,QQQ,377.6600036621094,377.6600036621094,378.9117229470335
2022-01-13,389.4700012207031,376.7000122070313,388.7699890136719,377.6600036621094,77994000.0,377.6600036621094,QQQ,380.010009765625,380.010009765625,368.27235786905595
2022-01-14,380.3500061035156,374.8599853515625,375.0700073242188,380.010009765625,80076100.0,380.010009765625,QQQ,370.5499877929688,370.5499877929688,370.0444595852796
2022-01-18,376.2200012207031,369.7699890136719,374.0400085449219,370.5499877929688,75450900.0,370.5499877929688,QQQ,366.4800109863281,366.4800109863281,357.0634894201605
2022-01-19,374.6900024414063,366.2099914550781,372.1499938964844,366.4800109863281,81791500.0,366.4800109863281,QQQ,361.7200012207031,361.7200012207031,340.9192832158526
2022-01-20,373.8699951171875,361.1700134277344,369.7900085449219,361.7200012207031,88610700.0,361.7200012207031,QQQ,351.69000244140625,351.69000244140625,353.0865404323784
2022-01-21,362.1799926757813,351.3999938964844,359.4700012207031,351.69000244140625,143388900.0,351.69000244140625,QQQ,353.29998779296875,353.29998779296875,341.40513112065906
2022-01-24,353.9800109863281,334.1499938964844,345.9100036621094,353.29998779296875,198685800.0,353.29998779296875,QQQ,345.1099853515625,345.1099853515625,344.8307549617646
2022-01-25,351.0299987792969,341.67999267578125,346.6700134277344,345.1099853515625,124398400.0,345.1099853515625,QQQ,344.57000732421875,344.57000732421875,346.2581433979271
2022-01-26,356.8800048828125,340.7799987792969,352.9100036621094,344.57000732421875,146559500.0,344.57000732421875,QQQ,341.1000061035156,341.1000061035156,353.2298783614226
2022-01-27,351.2699890136719,340.04998779296875,349.3999938964844,341.1000061035156,95255700.0,341.1000061035156,QQQ,351.79998779296875,351.79998779296875,354.0027549668668
2022-01-28,352.0199890136719,337.95001220703125,343.0299987792969,351.79998779296875,108167900.0,351.79998779296875,QQQ,363.0499877929688,363.0499877929688,367.8306926155041
2022-01-31,363.6499938964844,351.5199890136719,353.20001220703125,363.0499877929688,94326400.0,363.0499877929688,QQQ,365.5199890136719,365.5199890136719,359.35215318605356
2022-02-01,366.1900024414063,359.1400146484375,364.4299926757813,365.5199890136719,74433000.0,365.5199890136719,QQQ,368.489990234375,368.489990234375,349.7011854968301
2022-02-02,370.1000061035156,364.2900085449219,369.760009765625,368.489990234375,78777100.0,368.489990234375,QQQ,353.54998779296875,353.54998779296875,353.3948240109554
2022-02-03,361.9299926757813,352.4599914550781,358.5299987792969,353.54998779296875,95384800.0,353.54998779296875,QQQ,358.010009765625,358.010009765625,345.31676910921715
2022-02-04,361.3999938964844,351.9700012207031,354.0799865722656,358.010009765625,86127500.0,358.010009765625,QQQ,355.1300048828125,355.1300048828125,360.79954044438284
2022-02-07,361.0499877929688,353.8399963378906,358.6199951171875,355.1300048828125,58198100.0,355.1300048828125,QQQ,359.1199951171875,359.1199951171875,358.2639833566865
2022-02-08,360.239990234375,352.79998779296875,353.9599914550781,359.1199951171875,64720900.0,359.1199951171875,QQQ,366.7300109863281,366.7300109863281,357.90443476003253
2022-02-09,366.80999755859375,362.1199951171875,363.760009765625,366.7300109863281,55766400.0,366.7300109863281,QQQ,358.42999267578125,358.42999267578125,343.59877273565
